{"cameraMode":{"drawMode":0,"name":"Shaded","section":"Shading Mode"},"sceneLighting":true,"audioPlay":false,"sceneViewState":{"showFog":true,"showMaterialUpdate":false,"showSkybox":true,"showFlares":true,"showImageEffects":true,"showParticleSystems":true},"in2DMode":false,"pivot":{"x":2.3059840202331545,"y":-4.76837158203125e-7,"z":-0.026355266571044923},"rotation":{"x":0.047353412955999377,"y":-0.7622693777084351,"z":0.056127775460481647,"w":0.643089234828949},"size":1.8234853744506837,"orthographic":true}